size,type,python_ms,rust_ms,python_success,rust_success,iterations
10000,trailing_comma,0.07660113499878207,0.032001,1000,1000,1000
10000,single_quotes,0.026092533000337426,0.032097,1000,1000,1000
10000,mixed,0.10685751900018658,0.032369,1000,1000,1000
10000,valid,0.022293211000942392,0.007351,1000,1000,1000
1000,mixed,0.013377808001678204,0.003245,1000,1000,1000
10000,mixed,0.10900973899697419,0.036638,1000,1000,1000
100000,mixed,1.081601107998722,0.323911,1000,1000,1000
500000,mixed,6.102479269000469,1.676573,1000,1000,1000
