size,type,python_ms,rust_val_ms,rust_no_val_ms,python_success,rust_success,rust_no_val_success,iterations
10000,trailing_comma,0.07428545599759673,0.038078,0.028344,1000,1000,1000,1000
10000,single_quotes,0.02646527400065679,0.039963,0.027893,1000,1000,1000,1000
10000,mixed,0.10564671800239012,0.036619,0.028007,1000,1000,1000,1000
10000,valid,0.022716039999068016,0.007374,0.01002,1000,1000,1000,1000
1000,mixed,0.013472559003275819,0.005908,0.004744,1000,1000,1000,1000
10000,mixed,0.10857376100102556,0.034756,0.027246,1000,1000,1000,1000
100000,mixed,1.0871038109980873,0.346856,0.261632,1000,1000,1000,1000
500000,mixed,6.438269559999753,1.772564,1.315502,1000,1000,1000,1000
